﻿<?xml version="1.0" encoding="utf-8" ?>
<Package xmlns="http://schemas.myconstellation.io/Constellation/1.8/PackageManifest"
         Name="MySQL"
         Version="1.0"
         Author="Florian MATTE"
         URL="https://github.com/MatteFlorian/Constellation_MATTE_Florian"
         Description="Send request to your MySQL server !"
         icon ="mySQL.png"
         EnableControlHub="false">
  <Compatibility constellationVersion="1.8" dotNetTargetPlatform="net40">
    <Platforms>
      <Platform id="Win32NT" isCompliant="true" />
      <Platform id="Unix" isCompliant="true" />
    </Platforms>
  </Compatibility>
  <Settings>
    <Setting name="server_name" type='String' defaultValue="localhost" description="MySQL server adress" />
    <Setting name="database_name" type='String' description="name of the database on your MySQL server" />
    <Setting name="username" type='String' description="User you wish constellation to use" />
    <Setting name="password" type='String' description="Password wich is associated to the user" />
  </Settings>
</Package>